{"sites": [
    {
        "id": "1",
        "name": "w3schools",
        "url": "http://w3schools.com"
    },
    {
        "id": "2",
        "name": "gyso",
        "url": "http://gyso.in"
    },
    {
        "id": "3",
        "name": "gurusukran",
        "url": "http://www.gurusukran.com"
    },
    {
        "id": "4",
        "name": "tbuy",
        "url": "http://tbuy.in"
    },
    {
        "id": "5",
        "name": "poorvika",
        "url": "http://poorvikamobile.com"
    }

]}
