{"_total":944,"_links":{"self":"https://api.twitch.tv/kraken/games/top?limit=10&offset=0","next":"https://api.twitch.tv/kraken/games/top?limit=10&offset=10"},"top":[{"viewers":159983,"channels":1411,"game":{"name":"League of Legends","_id":21779,"giantbomb_id":24024,"box":{"large":"http://static-cdn.jtvnw.net/ttv-boxart/League%20of%20Legends-272x380.jpg","medium":"http://static-cdn.jtvnw.net/ttv-boxart/League%20of%20Legends-136x190.jpg","small":"http://static-cdn.jtvnw.net/ttv-boxart/League%20of%20Legends-52x72.jpg","template":"http://static-cdn.jtvnw.net/ttv-boxart/League%20of%20Legends-{width}x{height}.jpg"},"logo":{"large":"http://static-cdn.jtvnw.net/ttv-logoart/League%20of%20Legends-240x144.jpg","medium":"http://static-cdn.jtvnw.net/ttv-logoart/League%20of%20Legends-120x72.jpg","small":"http://static-cdn.jtvnw.net/ttv-logoart/League%20of%20Legends-60x36.jpg","template":"http://static-cdn.jtvnw.net/ttv-logoart/League%20of%20Legends-{width}x{height}.jpg"},"_links":{}}},{"viewers":68478,"channels":553,"game":{"name":"Dota 2","_id":29595,"giantbomb_id":32887,"box":{"large":"http://static-cdn.jtvnw.net/ttv-boxart/Dota%202-272x380.jpg","medium":"http://static-cdn.jtvnw.net/ttv-boxart/Dota%202-136x190.jpg","small":"http://static-cdn.jtvnw.net/ttv-boxart/Dota%202-52x72.jpg","template":"http://static-cdn.jtvnw.net/ttv-boxart/Dota%202-{width}x{height}.jpg"},"logo":{"large":"http://static-cdn.jtvnw.net/ttv-logoart/Dota%202-240x144.jpg","medium":"http://static-cdn.jtvnw.net/ttv-logoart/Dota%202-120x72.jpg","small":"http://static-cdn.jtvnw.net/ttv-logoart/Dota%202-60x36.jpg","template":"http://static-cdn.jtvnw.net/ttv-logoart/Dota%202-{width}x{height}.jpg"},"_links":{}}},{"viewers":49240,"channels":297,"game":{"name":"Hearthstone: Heroes of Warcraft","_id":138585,"giantbomb_id":42033,"box":{"large":"http://static-cdn.jtvnw.net/ttv-boxart/Hearthstone:%20Heroes%20of%20Warcraft-272x380.jpg","medium":"http://static-cdn.jtvnw.net/ttv-boxart/Hearthstone:%20Heroes%20of%20Warcraft-136x190.jpg","small":"http://static-cdn.jtvnw.net/ttv-boxart/Hearthstone:%20Heroes%20of%20Warcraft-52x72.jpg","template":"http://static-cdn.jtvnw.net/ttv-boxart/Hearthstone:%20Heroes%20of%20Warcraft-{width}x{height}.jpg"},"logo":{"large":"http://static-cdn.jtvnw.net/ttv-logoart/Hearthstone:%20Heroes%20of%20Warcraft-240x144.jpg","medium":"http://static-cdn.jtvnw.net/ttv-logoart/Hearthstone:%20Heroes%20of%20Warcraft-120x72.jpg","small":"http://static-cdn.jtvnw.net/ttv-logoart/Hearthstone:%20Heroes%20of%20Warcraft-60x36.jpg","template":"http://static-cdn.jtvnw.net/ttv-logoart/Hearthstone:%20Heroes%20of%20Warcraft-{width}x{height}.jpg"},"_links":{}}},{"viewers":35938,"channels":947,"game":{"name":"Counter-Strike: Global Offensive","_id":32399,"giantbomb_id":36113,"box":{"large":"http://static-cdn.jtvnw.net/ttv-boxart/Counter-Strike:%20Global%20Offensive-272x380.jpg","medium":"http://static-cdn.jtvnw.net/ttv-boxart/Counter-Strike:%20Global%20Offensive-136x190.jpg","small":"http://static-cdn.jtvnw.net/ttv-boxart/Counter-Strike:%20Global%20Offensive-52x72.jpg","template":"http://static-cdn.jtvnw.net/ttv-boxart/Counter-Strike:%20Global%20Offensive-{width}x{height}.jpg"},"logo":{"large":"http://static-cdn.jtvnw.net/ttv-logoart/Counter-Strike:%20Global%20Offensive-240x144.jpg","medium":"http://static-cdn.jtvnw.net/ttv-logoart/Counter-Strike:%20Global%20Offensive-120x72.jpg","small":"http://static-cdn.jtvnw.net/ttv-logoart/Counter-Strike:%20Global%20Offensive-60x36.jpg","template":"http://static-cdn.jtvnw.net/ttv-logoart/Counter-Strike:%20Global%20Offensive-{width}x{height}.jpg"},"_links":{}}},{"viewers":25692,"channels":384,"game":{"name":"Dark Souls III","_id":490292,"giantbomb_id":49884,"box":{"large":"http://static-cdn.jtvnw.net/ttv-boxart/Dark%20Souls%20III-272x380.jpg","medium":"http://static-cdn.jtvnw.net/ttv-boxart/Dark%20Souls%20III-136x190.jpg","small":"http://static-cdn.jtvnw.net/ttv-boxart/Dark%20Souls%20III-52x72.jpg","template":"http://static-cdn.jtvnw.net/ttv-boxart/Dark%20Souls%20III-{width}x{height}.jpg"},"logo":{"large":"http://static-cdn.jtvnw.net/ttv-logoart/Dark%20Souls%20III-240x144.jpg","medium":"http://static-cdn.jtvnw.net/ttv-logoart/Dark%20Souls%20III-120x72.jpg","small":"http://static-cdn.jtvnw.net/ttv-logoart/Dark%20Souls%20III-60x36.jpg","template":"http://static-cdn.jtvnw.net/ttv-logoart/Dark%20Souls%20III-{width}x{height}.jpg"},"_links":{}}},{"viewers":16416,"channels":1233,"game":{"name":"Call of Duty: Black Ops III","_id":489401,"giantbomb_id":48754,"box":{"large":"http://static-cdn.jtvnw.net/ttv-boxart/Call%20of%20Duty:%20Black%20Ops%20III-272x380.jpg","medium":"http://static-cdn.jtvnw.net/ttv-boxart/Call%20of%20Duty:%20Black%20Ops%20III-136x190.jpg","small":"http://static-cdn.jtvnw.net/ttv-boxart/Call%20of%20Duty:%20Black%20Ops%20III-52x72.jpg","template":"http://static-cdn.jtvnw.net/ttv-boxart/Call%20of%20Duty:%20Black%20Ops%20III-{width}x{height}.jpg"},"logo":{"large":"http://static-cdn.jtvnw.net/ttv-logoart/Call%20of%20Duty:%20Black%20Ops%20III-240x144.jpg","medium":"http://static-cdn.jtvnw.net/ttv-logoart/Call%20of%20Duty:%20Black%20Ops%20III-120x72.jpg","small":"http://static-cdn.jtvnw.net/ttv-logoart/Call%20of%20Duty:%20Black%20Ops%20III-60x36.jpg","template":"http://static-cdn.jtvnw.net/ttv-logoart/Call%20of%20Duty:%20Black%20Ops%20III-{width}x{height}.jpg"},"_links":{}}},{"viewers":13479,"channels":961,"game":{"name":"Tom Clancy's The Division","_id":369579,"giantbomb_id":42918,"box":{"large":"http://static-cdn.jtvnw.net/ttv-boxart/Tom%20Clancy%27s%20The%20Division-272x380.jpg","medium":"http://static-cdn.jtvnw.net/ttv-boxart/Tom%20Clancy%27s%20The%20Division-136x190.jpg","small":"http://static-cdn.jtvnw.net/ttv-boxart/Tom%20Clancy%27s%20The%20Division-52x72.jpg","template":"http://static-cdn.jtvnw.net/ttv-boxart/Tom%20Clancy%27s%20The%20Division-{width}x{height}.jpg"},"logo":{"large":"http://static-cdn.jtvnw.net/ttv-logoart/Tom%20Clancy%27s%20The%20Division-240x144.jpg","medium":"http://static-cdn.jtvnw.net/ttv-logoart/Tom%20Clancy%27s%20The%20Division-120x72.jpg","small":"http://static-cdn.jtvnw.net/ttv-logoart/Tom%20Clancy%27s%20The%20Division-60x36.jpg","template":"http://static-cdn.jtvnw.net/ttv-logoart/Tom%20Clancy%27s%20The%20Division-{width}x{height}.jpg"},"_links":{}}},{"viewers":12919,"channels":7,"game":{"name":"Super Mario Galaxy","_id":14766,"giantbomb_id":16094,"box":{"large":"http://static-cdn.jtvnw.net/ttv-boxart/Super%20Mario%20Galaxy-272x380.jpg","medium":"http://static-cdn.jtvnw.net/ttv-boxart/Super%20Mario%20Galaxy-136x190.jpg","small":"http://static-cdn.jtvnw.net/ttv-boxart/Super%20Mario%20Galaxy-52x72.jpg","template":"http://static-cdn.jtvnw.net/ttv-boxart/Super%20Mario%20Galaxy-{width}x{height}.jpg"},"logo":{"large":"http://static-cdn.jtvnw.net/ttv-logoart/Super%20Mario%20Galaxy-240x144.jpg","medium":"http://static-cdn.jtvnw.net/ttv-logoart/Super%20Mario%20Galaxy-120x72.jpg","small":"http://static-cdn.jtvnw.net/ttv-logoart/Super%20Mario%20Galaxy-60x36.jpg","template":"http://static-cdn.jtvnw.net/ttv-logoart/Super%20Mario%20Galaxy-{width}x{height}.jpg"},"_links":{}}},{"viewers":12674,"channels":639,"game":{"name":"Minecraft","_id":27471,"giantbomb_id":30475,"box":{"large":"http://static-cdn.jtvnw.net/ttv-boxart/Minecraft-272x380.jpg","medium":"http://static-cdn.jtvnw.net/ttv-boxart/Minecraft-136x190.jpg","small":"http://static-cdn.jtvnw.net/ttv-boxart/Minecraft-52x72.jpg","template":"http://static-cdn.jtvnw.net/ttv-boxart/Minecraft-{width}x{height}.jpg"},"logo":{"large":"http://static-cdn.jtvnw.net/ttv-logoart/Minecraft-240x144.jpg","medium":"http://static-cdn.jtvnw.net/ttv-logoart/Minecraft-120x72.jpg","small":"http://static-cdn.jtvnw.net/ttv-logoart/Minecraft-60x36.jpg","template":"http://static-cdn.jtvnw.net/ttv-logoart/Minecraft-{width}x{height}.jpg"},"_links":{}}},{"viewers":7711,"channels":74,"game":{"name":"RuneScape","_id":2083,"giantbomb_id":2268,"box":{"large":"http://static-cdn.jtvnw.net/ttv-boxart/RuneScape-272x380.jpg","medium":"http://static-cdn.jtvnw.net/ttv-boxart/RuneScape-136x190.jpg","small":"http://static-cdn.jtvnw.net/ttv-boxart/RuneScape-52x72.jpg","template":"http://static-cdn.jtvnw.net/ttv-boxart/RuneScape-{width}x{height}.jpg"},"logo":{"large":"http://static-cdn.jtvnw.net/ttv-logoart/RuneScape-240x144.jpg","medium":"http://static-cdn.jtvnw.net/ttv-logoart/RuneScape-120x72.jpg","small":"http://static-cdn.jtvnw.net/ttv-logoart/RuneScape-60x36.jpg","template":"http://static-cdn.jtvnw.net/ttv-logoart/RuneScape-{width}x{height}.jpg"},"_links":{}}}]}