{"data":[{"id":"tPn4W","title":"My sister Alana was born without the use of her hands. She paints using her mouth and feet. I wanted to share some of her artwork.","description":null,"datetime":1458876575,"cover":"Z43r6CK","cover_width":1780,"cover_height":2048,"account_url":null,"account_id":null,"privacy":"public","layout":"blog","views":205618,"link":"http:\/\/imgur.com\/a\/tPn4W","ups":4599,"downs":76,"points":4523,"score":6544,"is_album":true,"vote":null,"favorite":false,"nsfw":false,"section":"pics","comment_count":243,"comment_preview":null,"topic":null,"topic_id":0,"images_count":10},{"id":"3ln68","title":"$0 Budget video game","description":null,"datetime":1458858208,"cover":"CSZKkQ0","cover_width":1366,"cover_height":991,"account_url":"sociallyakward","account_id":9773701,"privacy":"public","layout":"blog","views":114588,"link":"http:\/\/imgur.com\/a\/3ln68","ups":11716,"downs":141,"points":11575,"score":11580,"is_album":true,"vote":null,"favorite":false,"nsfw":false,"section":"","comment_count":268,"comment_preview":null,"topic":"Storytime","topic_id":14,"images_count":4},{"id":"PgZtz0j","title":"Enough with the bullying.","description":"Enough.\n\nVideo\nhttps:\/\/youtu.be\/5OUsTT9XN1Q","datetime":1458889984,"type":"image\/gif","animated":true,"width":640,"height":360,"size":8795888,"views":470405,"bandwidth":4137629694640,"vote":null,"favorite":false,"nsfw":false,"section":"gifs","account_url":"misterowlman","account_id":21918489,"comment_preview":null,"topic":"Funny","topic_id":2,"gifv":"http:\/\/i.imgur.com\/PgZtz0j.gifv","webm":"http:\/\/i.imgur.com\/PgZtz0j.webm","mp4":"http:\/\/i.imgur.com\/PgZtz0j.mp4","link":"http:\/\/i.imgur.com\/PgZtz0j.gif","looping":true,"comment_count":76,"ups":2261,"downs":68,"points":2193,"score":2428,"is_album":false},{"id":"53N7vaE","title":"This was the most upvoted post on the day I graduated college 4+ years ago","description":"and I graduated because I didn't know about imgur.","datetime":1458863330,"type":"image\/jpeg","animated":false,"width":448,"height":17833,"size":697074,"views":299145,"bandwidth":208526201730,"vote":null,"favorite":false,"nsfw":false,"section":"funny","account_url":"ChecktheUsername","account_id":26508533,"comment_preview":null,"topic":"Funny","topic_id":2,"link":"http:\/\/i.imgur.com\/53N7vaE.jpg","comment_count":219,"ups":8834,"downs":293,"points":8541,"score":8690,"is_album":false},{"id":"VwUdn","title":"Just saying....","description":null,"datetime":1458863476,"cover":"T6qkYfw","cover_width":1280,"cover_height":1254,"account_url":"MaryGayArmisteadKelly","account_id":3577056,"privacy":"public","layout":"blog","views":78771,"link":"http:\/\/imgur.com\/a\/VwUdn","ups":8328,"downs":748,"points":7580,"score":7580,"is_album":true,"vote":null,"favorite":false,"nsfw":false,"section":"","comment_count":721,"comment_preview":null,"topic":"Funny","topic_id":2,"images_count":1},{"id":"t5xVumE","title":"MRW I go down on her but she got a stank puss","description":"FP edit: shout out to my boys jake, nail, theo and martina\nFP edit #2: does your gf have a stank puss? http:\/\/strawpoll.me\/7179006","datetime":1458859529,"type":"image\/gif","animated":true,"width":640,"height":360,"size":51678555,"views":373955,"bandwidth":19325454035025,"vote":null,"favorite":false,"nsfw":false,"section":"reactiongifs","account_url":"ma1o","account_id":27103361,"comment_preview":null,"topic":"Funny","topic_id":2,"gifv":"http:\/\/i.imgur.com\/t5xVumE.gifv","webm":"http:\/\/i.imgur.com\/t5xVumE.webm","mp4":"http:\/\/i.imgur.com\/t5xVumE.mp4","link":"http:\/\/i.imgur.com\/t5xVumEh.gif","looping":true,"comment_count":343,"ups":9117,"downs":322,"points":8795,"score":8981,"is_album":false},{"id":"XDl1nYT","title":"Potatoes and whiskey","description":"Unrelated but hilarious https:\/\/www.youtube.com\/watch?v=lGNkJRrQElA","datetime":1458877942,"type":"image\/gif","animated":true,"width":500,"height":500,"size":2087874,"views":98044,"bandwidth":204703518456,"vote":null,"favorite":false,"nsfw":false,"section":"","account_url":"melwing","account_id":223804,"comment_preview":null,"topic":"Funny","topic_id":2,"gifv":"http:\/\/i.imgur.com\/XDl1nYT.gifv","webm":"http:\/\/i.imgur.com\/XDl1nYT.webm","mp4":"http:\/\/i.imgur.com\/XDl1nYT.mp4","link":"http:\/\/i.imgur.com\/XDl1nYT.gif","looping":true,"comment_count":115,"ups":3356,"downs":31,"points":3325,"score":3374,"is_album":false},{"id":"dbSem1h","title":"How To Make A Corgi","description":"Source:  https:\/\/vine.co\/v\/h5xQ6nYKmlj","datetime":1458857183,"type":"image\/gif","animated":true,"width":480,"height":480,"size":20884052,"views":1106237,"bandwidth":23102711032324,"vote":null,"favorite":false,"nsfw":false,"section":"gifs","account_url":"DrForester","account_id":7019417,"comment_preview":null,"topic":"Funny","topic_id":2,"gifv":"http:\/\/i.imgur.com\/dbSem1h.gifv","webm":"http:\/\/i.imgur.com\/dbSem1h.webm","mp4":"http:\/\/i.imgur.com\/dbSem1h.mp4","link":"http:\/\/i.imgur.com\/dbSem1h.gif","looping":true,"comment_count":130,"ups":9309,"downs":94,"points":9215,"score":9768,"is_album":false},{"id":"y3DoF","title":"This guy...","description":null,"datetime":1458860884,"cover":"IOzgsw5","cover_width":633,"cover_height":451,"account_url":"FluentPenguin","account_id":20839278,"privacy":"public","layout":"blog","views":81408,"link":"http:\/\/imgur.com\/a\/y3DoF","ups":7264,"downs":143,"points":7121,"score":7124,"is_album":true,"vote":null,"favorite":false,"nsfw":false,"section":"funny","comment_count":221,"comment_preview":null,"topic":"Funny","topic_id":2,"images_count":4},{"id":"Ba8bu9I","title":"MRW I browse Imgur for 3 hours straight and realize that I miss the double tap upvote animation","description":null,"datetime":1458880234,"type":"image\/gif","animated":true,"width":700,"height":394,"size":16245700,"views":97567,"bandwidth":1585044211900,"vote":null,"favorite":false,"nsfw":false,"section":"","account_url":"tinyratsass","account_id":19275873,"comment_preview":null,"topic":"Reaction","topic_id":23,"gifv":"http:\/\/i.imgur.com\/Ba8bu9I.gifv","webm":"http:\/\/i.imgur.com\/Ba8bu9I.webm","mp4":"http:\/\/i.imgur.com\/Ba8bu9I.mp4","link":"http:\/\/i.imgur.com\/Ba8bu9I.gif","looping":true,"comment_count":28,"ups":2719,"downs":110,"points":2609,"score":2656,"is_album":false},{"id":"TMiKH","title":"Mom jokes","description":null,"datetime":1458870888,"cover":"8FOkkOw","cover_width":1024,"cover_height":687,"account_url":"ThatsJustYourOpinionMan","account_id":12508795,"privacy":"public","layout":"blog","views":45121,"link":"http:\/\/imgur.com\/a\/TMiKH","ups":4060,"downs":65,"points":3995,"score":4001,"is_album":true,"vote":null,"favorite":false,"nsfw":false,"section":"","comment_count":97,"comment_preview":null,"topic":null,"topic_id":0,"images_count":4},{"id":"DMw1whL","title":"MRW I've had a few drinks at the local karaoke bar and i start feeling sexy.","description":null,"datetime":1458872413,"type":"image\/gif","animated":true,"width":348,"height":261,"size":1269016,"views":225750,"bandwidth":286480362000,"vote":null,"favorite":false,"nsfw":false,"section":"me_irl","account_url":"Imjustlurkingmmkay","account_id":15351852,"comment_preview":null,"topic":"Funny","topic_id":2,"gifv":"http:\/\/i.imgur.com\/DMw1whL.gifv","webm":"http:\/\/i.imgur.com\/DMw1whL.webm","mp4":"http:\/\/i.imgur.com\/DMw1whL.mp4","link":"http:\/\/i.imgur.com\/DMw1whL.gif","looping":true,"comment_count":110,"ups":3728,"downs":169,"points":3559,"score":3671,"is_album":false},{"id":"zJD5J","title":"Ignore the front page, upvote majestic cuttlefish","description":null,"datetime":1458867795,"cover":"ons308R","cover_width":700,"cover_height":387,"account_url":"Talenheim","account_id":24319957,"privacy":"public","layout":"blog","views":52191,"link":"http:\/\/imgur.com\/a\/zJD5J","ups":4543,"downs":148,"points":4395,"score":4395,"is_album":true,"vote":null,"favorite":false,"nsfw":false,"section":"","comment_count":172,"comment_preview":null,"topic":"Awesome","topic_id":5,"images_count":1},{"id":"VvTdcji","title":"Alright, Imgur.  Let's get weird.","description":null,"datetime":1458843346,"type":"image\/gif","animated":true,"width":447,"height":448,"size":148682703,"views":906423,"bandwidth":134769421701369,"vote":null,"favorite":false,"nsfw":false,"section":"Eve","account_url":"Vexamus","account_id":802873,"comment_preview":null,"topic":"Funny","topic_id":2,"gifv":"http:\/\/i.imgur.com\/VvTdcji.gifv","webm":"http:\/\/i.imgur.com\/VvTdcji.webm","mp4":"http:\/\/i.imgur.com\/VvTdcji.mp4","link":"http:\/\/i.imgur.com\/VvTdcjih.gif","looping":true,"comment_count":378,"ups":15378,"downs":416,"points":14962,"score":15415,"is_album":false},{"id":"8VTtQ","title":"I love this.","description":null,"datetime":1458858781,"cover":"FoEvaur","cover_width":342,"cover_height":336,"account_url":"AgentPorc","account_id":24189727,"privacy":"public","layout":"blog","views":70210,"link":"http:\/\/imgur.com\/a\/8VTtQ","ups":6928,"downs":201,"points":6727,"score":6727,"is_album":true,"vote":null,"favorite":false,"nsfw":false,"section":"","comment_count":126,"comment_preview":null,"topic":"Awesome","topic_id":5,"images_count":1},{"id":"mqDy4","title":"Wallpaper dump. :)","description":null,"datetime":1458869433,"cover":"f1pUpy0","cover_width":1920,"cover_height":1080,"account_url":"metalkittens","account_id":16270857,"privacy":"public","layout":"blog","views":38977,"link":"http:\/\/imgur.com\/a\/mqDy4","ups":4015,"downs":120,"points":3895,"score":3895,"is_album":true,"vote":null,"favorite":false,"nsfw":false,"section":"","comment_count":33,"comment_preview":null,"topic":"Design & Art","topic_id":20,"images_count":89},{"id":"X1hXB","title":"Jennifer Lawrence plays basketball, the Internet responds","description":null,"datetime":1458847436,"cover":"ekLPBo0","cover_width":708,"cover_height":1054,"account_url":"4ChancellorsWalkInToABarMitzvah","account_id":23200686,"privacy":"public","layout":"blog","views":175957,"link":"http:\/\/imgur.com\/a\/X1hXB","ups":11818,"downs":367,"points":11451,"score":11451,"is_album":true,"vote":null,"favorite":false,"nsfw":false,"section":"funny","comment_count":521,"comment_preview":null,"topic":"Funny","topic_id":2,"images_count":11},{"id":"biFkVHv","title":"Bernie","description":null,"datetime":1458872898,"type":"image\/jpeg","animated":false,"width":500,"height":350,"size":62015,"views":64119,"bandwidth":3976339785,"vote":null,"favorite":false,"nsfw":false,"section":"","account_url":"GwenStacyFallingToHerDeath","account_id":21973635,"comment_preview":null,"topic":"No Topic","topic_id":29,"link":"http:\/\/i.imgur.com\/biFkVHv.jpg","comment_count":213,"ups":3443,"downs":357,"points":3086,"score":3118,"is_album":false},{"id":"h26XC","title":"That tail wag....gets me every time.","description":null,"datetime":1458890011,"cover":"c9LOdRz","cover_width":480,"cover_height":270,"account_url":"whiskers4sab","account_id":19725975,"privacy":"public","layout":"blog","views":8239,"link":"http:\/\/imgur.com\/a\/h26XC","ups":1300,"downs":24,"points":1276,"score":1276,"is_album":true,"vote":null,"favorite":false,"nsfw":false,"section":"","comment_count":35,"comment_preview":null,"topic":"Aww","topic_id":8,"images_count":4},{"id":"qb5Bv","title":"Captain Hair consistently killed it","description":null,"datetime":1458888471,"cover":"AhTImMg","cover_width":600,"cover_height":851,"account_url":"IHateMulesTheyAreSoHalfAssed","account_id":22381873,"privacy":"public","layout":"blog","views":11068,"link":"http:\/\/imgur.com\/a\/qb5Bv","ups":1417,"downs":44,"points":1373,"score":1372,"is_album":true,"vote":null,"favorite":false,"nsfw":false,"section":"","comment_count":27,"comment_preview":null,"topic":"Funny","topic_id":2,"images_count":27},{"id":"oAkOCgp","title":"I saw Bernie Sanders last May when he was losing by 60+ points in the polls & was using electric tape & stickers to hold up signs. Wow, he's come a loooong way!","description":null,"datetime":1458864338,"type":"image\/jpeg","animated":false,"width":2592,"height":1936,"size":1016471,"views":388833,"bandwidth":395237468343,"vote":null,"favorite":false,"nsfw":false,"section":"SandersForPresident","account_url":null,"account_id":null,"comment_preview":null,"topic":null,"topic_id":0,"link":"http:\/\/i.imgur.com\/oAkOCgp.jpg","comment_count":279,"ups":3790,"downs":316,"points":3474,"score":4831,"is_album":false},{"id":"VhlAW","title":"Microsoft killed its first sentient AI","description":null,"datetime":1458833427,"cover":"7sjySPv","cover_width":202,"cover_height":250,"account_url":"Ezek","account_id":11912812,"privacy":"public","layout":"blog","views":309741,"link":"http:\/\/imgur.com\/a\/VhlAW","ups":22865,"downs":468,"points":22397,"score":22397,"is_album":true,"vote":null,"favorite":false,"nsfw":false,"section":"funny","comment_count":1748,"comment_preview":null,"topic":"Staff Picks","topic_id":1,"images_count":18},{"id":"G2BoG","title":"Fascinating Photos","description":null,"datetime":1458872439,"cover":"eRCPTLU","cover_width":720,"cover_height":528,"account_url":"Taresz","account_id":13757058,"privacy":"public","layout":"blog","views":36775,"link":"http:\/\/imgur.com\/a\/G2BoG","ups":3075,"downs":43,"points":3032,"score":3033,"is_album":true,"vote":null,"favorite":false,"nsfw":false,"section":"","comment_count":239,"comment_preview":null,"topic":"The More You Know","topic_id":11,"images_count":18},{"id":"9CDac","title":"Time to update your resume!","description":null,"datetime":1458866309,"cover":"uH2Vj0D","cover_width":1000,"cover_height":7500,"account_url":"Calmpineapple08","account_id":28483329,"privacy":"public","layout":"blog","views":43801,"link":"http:\/\/imgur.com\/a\/9CDac","ups":4284,"downs":142,"points":4142,"score":4142,"is_album":true,"vote":null,"favorite":false,"nsfw":false,"section":"","comment_count":50,"comment_preview":null,"topic":"The More You Know","topic_id":11,"images_count":1},{"id":"HlPDmzb","title":"Cat Builds a Little Igloo Home","description":null,"datetime":1458871439,"type":"image\/gif","animated":true,"width":640,"height":360,"size":77755248,"views":176722,"bandwidth":13741062937056,"vote":null,"favorite":false,"nsfw":false,"section":"","account_url":"thund3rbolt","account_id":1017979,"comment_preview":null,"topic":"Funny","topic_id":2,"gifv":"http:\/\/i.imgur.com\/HlPDmzb.gifv","webm":"http:\/\/i.imgur.com\/HlPDmzb.webm","mp4":"http:\/\/i.imgur.com\/HlPDmzb.mp4","link":"http:\/\/i.imgur.com\/HlPDmzbh.gif","looping":true,"comment_count":88,"ups":3226,"downs":59,"points":3167,"score":3255,"is_album":false},{"id":"4zJfThV","title":"An American Veteran committed suicide recently by setting himself on fire in front of his local Veterans Affairs building in New Jersey.","description":"He was seeking help for depression and suicidal thoughts.  It would seem his treatment was not sufficient. \n\nNews Article Source\nhttp:\/\/www.disabledveterans.org\/2016\/03\/23\/photos-surface-from-veteran-suicide-site\/\n\nSources for those in need of help. \n\n1 (800) 273-8255\nNational Suicide Prevention Lifeline\n\nTEXT \u201cGO\u201d TO 741-741\nFree 24\/7 Crisis Text Hotline\n\n1-800-273-8255\nFor text 838255\nVeteran Crisis Hotline\n\n775-784-8090  \nText \"ANSWER\" to 839863\n24hr Crisis Call Center\n\nhttps:\/\/www.iasp.info\/resources\/Crisis_Centres\/Europe\/\nList of European Suicide\/Crisis phone numbers\n\nhttp:\/\/www.iasp.info\/resources\/Crisis_Centres\/South_America\/\nList of South American Suicide\/Crisis phone numbers\n\nhttp:\/\/www.iasp.info\/resources\/Crisis_Centres\/Africa\/\nList of African Suicide\/Crisis phone numbers\n\nhttp:\/\/www.iasp.info\/resources\/Crisis_Centres\/Asia\/\nList of Asian Suicide\/Crisis phone numbers\n\nhttp:\/\/www.iasp.info\/resources\/Crisis_Centres\/Oceania\/\nList of Oceania Suicide\/Crisis Phone numbers\n\nSuicide Call Back Service: 1300 659 467\nVeterans Line: 1800 011 046\nAustralian Suicide\/Crisis phone numbers\n\n","datetime":1458862980,"type":"image\/png","animated":false,"width":1024,"height":768,"size":1748709,"views":107719,"bandwidth":188369184771,"vote":null,"favorite":false,"nsfw":false,"section":"ImagesOfUSA","account_url":"commiess","account_id":2532706,"comment_preview":null,"topic":"Current Events","topic_id":17,"link":"http:\/\/i.imgur.com\/4zJfThV.png","comment_count":490,"ups":4852,"downs":92,"points":4760,"score":4813,"is_album":false},{"id":"4AVMQHu","title":"True Bromance.","description":null,"datetime":1458854700,"type":"image\/jpeg","animated":false,"width":250,"height":937,"size":69486,"views":299283,"bandwidth":20795978538,"vote":null,"favorite":false,"nsfw":false,"section":"funny","account_url":"CrouchingTigerHiddenUsername","account_id":28710173,"comment_preview":null,"topic":"Awesome","topic_id":5,"link":"http:\/\/i.imgur.com\/4AVMQHu.jpg","comment_count":173,"ups":7299,"downs":92,"points":7207,"score":7356,"is_album":false},{"id":"36QtNh4","title":"Hi Imgur, I hope you like my newest painting!","description":"I just finished this today and wanted to share it with someone :D\n\nFront page edit: Wow you guys are the best! Thank you to everyone who took the time to say something nice in the comments. This has really made me want to paint more, thank you!\n\nreference picture: http:\/\/i.imgur.com\/aTJUdWL.jpg","datetime":1458859375,"type":"image\/jpeg","animated":false,"width":4320,"height":3240,"size":4818357,"views":126619,"bandwidth":610095544983,"vote":null,"favorite":false,"nsfw":false,"section":"","account_url":"TheOnlyCarl","account_id":23867691,"comment_preview":null,"topic":"Design & Art","topic_id":20,"link":"http:\/\/i.imgur.com\/36QtNh4.jpg","comment_count":237,"ups":5626,"downs":96,"points":5530,"score":5593,"is_album":false},{"id":"NsJPALV","title":"Just when you thought there was no more beer","description":null,"datetime":1458866902,"type":"image\/gif","animated":true,"width":426,"height":426,"size":48951607,"views":173453,"bandwidth":8490803088971,"vote":null,"favorite":false,"nsfw":false,"section":"woahdude","account_url":"IndianGodfather","account_id":31976106,"comment_preview":null,"topic":"Awesome","topic_id":5,"gifv":"http:\/\/i.imgur.com\/NsJPALV.gifv","webm":"http:\/\/i.imgur.com\/NsJPALV.webm","mp4":"http:\/\/i.imgur.com\/NsJPALV.mp4","link":"http:\/\/i.imgur.com\/NsJPALVh.gif","looping":true,"comment_count":160,"ups":3739,"downs":59,"points":3680,"score":3766,"is_album":false},{"id":"eJmFwa5","title":"''I really didn't expect that to work''","description":null,"datetime":1458858585,"type":"image\/gif","animated":true,"width":352,"height":288,"size":9103037,"views":237753,"bandwidth":2164274355861,"vote":null,"favorite":false,"nsfw":false,"section":"Unexpected","account_url":"ThisIsMySuperCreativeImgurUsername","account_id":23926152,"comment_preview":null,"topic":"Funny","topic_id":2,"gifv":"http:\/\/i.imgur.com\/eJmFwa5.gifv","webm":"http:\/\/i.imgur.com\/eJmFwa5.webm","mp4":"http:\/\/i.imgur.com\/eJmFwa5.mp4","link":"http:\/\/i.imgur.com\/eJmFwa5.gif","looping":true,"comment_count":153,"ups":5365,"downs":36,"points":5329,"score":5447,"is_album":false},{"id":"OS2CX","title":"I think this cat would probably get me","description":null,"datetime":1458868554,"cover":"jU8YSBv","cover_width":720,"cover_height":720,"account_url":"MayorMcJesus","account_id":5962189,"privacy":"public","layout":"blog","views":38897,"link":"http:\/\/imgur.com\/a\/OS2CX","ups":3177,"downs":61,"points":3116,"score":3116,"is_album":true,"vote":null,"favorite":false,"nsfw":false,"section":"","comment_count":74,"comment_preview":null,"topic":"Funny","topic_id":2,"images_count":1},{"id":"AZ62DcU","title":"Filming a rap video be like","description":null,"datetime":1458839501,"type":"image\/gif","animated":true,"width":400,"height":400,"size":16435046,"views":531608,"bandwidth":8737001933968,"vote":null,"favorite":false,"nsfw":false,"section":"","account_url":"broofbrosatthebar","account_id":3591083,"comment_preview":null,"topic":"Current Events","topic_id":17,"gifv":"http:\/\/i.imgur.com\/AZ62DcU.gifv","webm":"http:\/\/i.imgur.com\/AZ62DcU.webm","mp4":"http:\/\/i.imgur.com\/AZ62DcU.mp4","link":"http:\/\/i.imgur.com\/AZ62DcU.gif","looping":true,"comment_count":375,"ups":13100,"downs":194,"points":12906,"score":13171,"is_album":false},{"id":"D5Rhe","title":"When you're suspicious of global capitalism","description":null,"datetime":1458854299,"cover":"82b9lEo","cover_width":482,"cover_height":593,"account_url":"ThatsJustYourOpinionMan","account_id":12508795,"privacy":"public","layout":"blog","views":89685,"link":"http:\/\/imgur.com\/a\/D5Rhe","ups":6101,"downs":121,"points":5980,"score":5980,"is_album":true,"vote":null,"favorite":false,"nsfw":false,"section":"MrRobot","comment_count":163,"comment_preview":null,"topic":null,"topic_id":0,"images_count":3},{"id":"N7RJ77G","title":"GERONIMO","description":null,"datetime":1458856172,"type":"image\/gif","animated":true,"width":367,"height":367,"size":10251829,"views":243801,"bandwidth":2499406162029,"vote":null,"favorite":false,"nsfw":false,"section":"","account_url":"jinky74","account_id":19696332,"comment_preview":null,"topic":"Staff Picks","topic_id":1,"gifv":"http:\/\/i.imgur.com\/N7RJ77G.gifv","webm":"http:\/\/i.imgur.com\/N7RJ77G.webm","mp4":"http:\/\/i.imgur.com\/N7RJ77G.mp4","link":"http:\/\/i.imgur.com\/N7RJ77G.gif","looping":true,"comment_count":125,"ups":5462,"downs":71,"points":5391,"score":5512,"is_album":false},{"id":"2Z1U9Vg","title":"I can smell them...","description":null,"datetime":1458884345,"type":"image\/gif","animated":true,"width":464,"height":341,"size":106909676,"views":79556,"bandwidth":8505306183856,"vote":null,"favorite":false,"nsfw":false,"section":"","account_url":"MachoManRandyMild","account_id":31744443,"comment_preview":null,"topic":"Design & Art","topic_id":20,"gifv":"http:\/\/i.imgur.com\/2Z1U9Vg.gifv","webm":"http:\/\/i.imgur.com\/2Z1U9Vg.webm","mp4":"http:\/\/i.imgur.com\/2Z1U9Vg.mp4","link":"http:\/\/i.imgur.com\/2Z1U9Vgh.gif","looping":true,"comment_count":95,"ups":1268,"downs":27,"points":1241,"score":1280,"is_album":false},{"id":"SnzrulQ","title":"When my wife brings home chalupas for dinner","description":null,"datetime":1458844906,"type":"image\/gif","animated":true,"width":348,"height":261,"size":1270074,"views":353981,"bandwidth":449582064594,"vote":null,"favorite":false,"nsfw":false,"section":"me_irl","account_url":"traughn","account_id":399287,"comment_preview":null,"topic":"Funny","topic_id":2,"gifv":"http:\/\/i.imgur.com\/SnzrulQ.gifv","webm":"http:\/\/i.imgur.com\/SnzrulQ.webm","mp4":"http:\/\/i.imgur.com\/SnzrulQ.mp4","link":"http:\/\/i.imgur.com\/SnzrulQ.gif","looping":true,"comment_count":301,"ups":9530,"downs":290,"points":9240,"score":9416,"is_album":false},{"id":"EVuNg","title":"NY bicyclist gets ticket for leaving the bike lane.","description":null,"datetime":1458844839,"cover":"aMq1A9Q","cover_width":718,"cover_height":404,"account_url":"itisron","account_id":33358936,"privacy":"public","layout":"blog","views":110016,"link":"http:\/\/imgur.com\/a\/EVuNg","ups":9431,"downs":288,"points":9143,"score":9143,"is_album":true,"vote":null,"favorite":false,"nsfw":false,"section":"","comment_count":762,"comment_preview":null,"topic":"Funny","topic_id":2,"images_count":7},{"id":"hb42L","title":"so i made a thing and its fuggin cool as shit, or atleast I think so","description":null,"datetime":1458860126,"cover":"GdxlWgs","cover_width":4250,"cover_height":2390,"account_url":"StephenClark3","account_id":9783530,"privacy":"public","layout":"blog","views":60320,"link":"http:\/\/imgur.com\/a\/hb42L","ups":4306,"downs":160,"points":4146,"score":4146,"is_album":true,"vote":null,"favorite":false,"nsfw":false,"section":"","comment_count":279,"comment_preview":null,"topic":"Staff Picks","topic_id":1,"images_count":5},{"id":"ydMtKTH","title":"Father Goals","description":null,"datetime":1458857123,"type":"image\/jpeg","animated":false,"width":480,"height":572,"size":40983,"views":115588,"bandwidth":4737143004,"vote":null,"favorite":false,"nsfw":false,"section":"","account_url":"Schwabot","account_id":11265253,"comment_preview":null,"topic":"Staff Picks","topic_id":1,"link":"http:\/\/i.imgur.com\/ydMtKTH.jpg","comment_count":222,"ups":4866,"downs":101,"points":4765,"score":4822,"is_album":false},{"id":"13vegHR","title":"Excitement is an understatement","description":null,"datetime":1458854458,"type":"image\/gif","animated":true,"width":426,"height":426,"size":39586937,"views":264450,"bandwidth":10468765489650,"vote":null,"favorite":false,"nsfw":false,"section":"Awww","account_url":"Moisturegatherer","account_id":5959384,"comment_preview":null,"topic":"Staff Picks","topic_id":1,"gifv":"http:\/\/i.imgur.com\/13vegHR.gifv","webm":"http:\/\/i.imgur.com\/13vegHR.webm","mp4":"http:\/\/i.imgur.com\/13vegHR.mp4","link":"http:\/\/i.imgur.com\/13vegHRh.gif","looping":true,"comment_count":132,"ups":5390,"downs":56,"points":5334,"score":5466,"is_album":false},{"id":"zSkrk","title":"I'm Still Waiting For My Hogwarts Letter","description":null,"datetime":1458859936,"cover":"YmxDNmt","cover_width":700,"cover_height":700,"account_url":"SchaoLin","account_id":25908484,"privacy":"public","layout":"blog","views":51945,"link":"http:\/\/imgur.com\/a\/zSkrk","ups":4031,"downs":117,"points":3914,"score":3915,"is_album":true,"vote":null,"favorite":false,"nsfw":false,"section":"","comment_count":158,"comment_preview":null,"topic":"Design & Art","topic_id":20,"images_count":54},{"id":"O7SOO","title":"Photoshop tip","description":null,"datetime":1458848808,"cover":"XCb7YeV","cover_width":620,"cover_height":755,"account_url":"BOBNOBODY","account_id":19039203,"privacy":"public","layout":"blog","views":84639,"link":"http:\/\/imgur.com\/a\/O7SOO","ups":6940,"downs":102,"points":6838,"score":6841,"is_album":true,"vote":null,"favorite":false,"nsfw":false,"section":"","comment_count":155,"comment_preview":null,"topic":"The More You Know","topic_id":11,"images_count":2},{"id":"0Iiuk","title":"Dropping some knowledge on you","description":"Source \n<a class=\"youtube-link\" href=\"https:\/\/www.youtube.com\/watch?v=E43-CfukEgs\">https:\/\/www.youtube.com\/watch?v=E43-CfukEgs<\/a>","datetime":1458863487,"cover":"gSzKEWf","cover_width":640,"cover_height":360,"account_url":"fuzzydustmite","account_id":3993000,"privacy":"hidden","layout":"blog","views":45200,"link":"http:\/\/imgur.com\/a\/0Iiuk","ups":3209,"downs":88,"points":3121,"score":3121,"is_album":true,"vote":null,"favorite":false,"nsfw":false,"section":"cats","comment_count":231,"comment_preview":null,"topic":"Awesome","topic_id":5,"images_count":3},{"id":"MjNwmOg","title":"Spinning Scotties","description":"https:\/\/www.youtube.com\/watch?v=k5pWve3-SDY\n\nA version of this previously shared by @ImBaman at http:\/\/imgur.com\/gallery\/y761jZD","datetime":1458863378,"type":"image\/gif","animated":true,"width":720,"height":404,"size":66931118,"views":179952,"bandwidth":12044388546336,"vote":null,"favorite":false,"nsfw":false,"section":"","account_url":"nixed","account_id":19504278,"comment_preview":null,"topic":"Aww","topic_id":8,"gifv":"http:\/\/i.imgur.com\/MjNwmOg.gifv","webm":"http:\/\/i.imgur.com\/MjNwmOg.webm","mp4":"http:\/\/i.imgur.com\/MjNwmOg.mp4","link":"http:\/\/i.imgur.com\/MjNwmOgh.gif","looping":true,"comment_count":53,"ups":3127,"downs":66,"points":3061,"score":3150,"is_album":false},{"id":"7JfiP","title":"Cool Family Cosplay","description":null,"datetime":1458866928,"cover":"JglbZ0U","cover_width":720,"cover_height":710,"account_url":"OnlineFightClub","account_id":33287557,"privacy":"public","layout":"blog","views":35456,"link":"http:\/\/imgur.com\/a\/7JfiP","ups":2569,"downs":85,"points":2484,"score":2485,"is_album":true,"vote":null,"favorite":false,"nsfw":false,"section":"","comment_count":67,"comment_preview":null,"topic":"No Topic","topic_id":29,"images_count":1},{"id":"qYeK5","title":"Haven't seen this one on here","description":null,"datetime":1458855920,"cover":"cx8Lgmb","cover_width":640,"cover_height":526,"account_url":"DanielSon629","account_id":10157407,"privacy":"public","layout":"blog","views":57105,"link":"http:\/\/imgur.com\/a\/qYeK5","ups":4510,"downs":181,"points":4329,"score":4329,"is_album":true,"vote":null,"favorite":false,"nsfw":false,"section":"","comment_count":194,"comment_preview":null,"topic":"Funny","topic_id":2,"images_count":1},{"id":"qRR8v","title":"slight dump","description":null,"datetime":1458835677,"cover":"VAZDi5n","cover_width":540,"cover_height":461,"account_url":"chewiegrrrrrrr","account_id":13771164,"privacy":"public","layout":"blog","views":177540,"link":"http:\/\/imgur.com\/a\/qRR8v","ups":12493,"downs":365,"points":12128,"score":12133,"is_album":true,"vote":null,"favorite":false,"nsfw":false,"section":"","comment_count":259,"comment_preview":null,"topic":"Funny","topic_id":2,"images_count":48},{"id":"hVgUv","title":"Just a cat at a bar dropping a medium dump","description":null,"datetime":1458872730,"cover":"GNpdoGo","cover_width":729,"cover_height":829,"account_url":"Wetouchingbuttsornah","account_id":28145425,"privacy":"public","layout":"blog","views":21353,"link":"http:\/\/imgur.com\/a\/hVgUv","ups":1907,"downs":97,"points":1810,"score":1809,"is_album":true,"vote":null,"favorite":false,"nsfw":false,"section":"","comment_count":59,"comment_preview":null,"topic":"Funny","topic_id":2,"images_count":75},{"id":"RH16gq4","title":"fortune cookie","description":null,"datetime":1458855654,"type":"image\/jpeg","animated":false,"width":500,"height":667,"size":48684,"views":994706,"bandwidth":48426266904,"vote":null,"favorite":false,"nsfw":false,"section":"aww","account_url":"BrainmessedRogue","account_id":28613021,"comment_preview":null,"topic":"Staff Picks","topic_id":1,"link":"http:\/\/i.imgur.com\/RH16gq4.jpg","comment_count":42,"ups":4402,"downs":83,"points":4319,"score":4816,"is_album":false},{"id":"cXAQONK","title":"When Turtles have a better apartment than you do...","description":null,"datetime":1458888619,"type":"image\/jpeg","animated":false,"width":750,"height":547,"size":94650,"views":9174,"bandwidth":868319100,"vote":null,"favorite":false,"nsfw":false,"section":"","account_url":"Yeoyo","account_id":15950709,"comment_preview":null,"topic":"Funny","topic_id":2,"link":"http:\/\/i.imgur.com\/cXAQONK.jpg","comment_count":20,"ups":791,"downs":8,"points":783,"score":787,"is_album":false},{"id":"TJSzg","title":"Australia outsourced itself to Florida.....","description":null,"datetime":1458859398,"cover":"T0Piyjw","cover_width":225,"cover_height":225,"account_url":"FSMPirate","account_id":2553046,"privacy":"public","layout":"blog","views":51898,"link":"http:\/\/imgur.com\/a\/TJSzg","ups":3529,"downs":43,"points":3486,"score":3487,"is_album":true,"vote":null,"favorite":false,"nsfw":false,"section":"","comment_count":220,"comment_preview":null,"topic":"The More You Know","topic_id":11,"images_count":2},{"id":"ihs9cRp","title":"Bo-meme-an Rhapsody","description":null,"datetime":1458886273,"type":"image\/jpeg","animated":false,"width":250,"height":11185,"size":615434,"views":33583,"bandwidth":20668120022,"vote":null,"favorite":false,"nsfw":false,"section":"","account_url":"IHateMulesTheyAreSoHalfAssed","account_id":22381873,"comment_preview":null,"topic":"No Topic","topic_id":29,"link":"http:\/\/i.imgur.com\/ihs9cRp.jpg","comment_count":58,"ups":1044,"downs":169,"points":875,"score":891,"is_album":false},{"id":"U2fV9mu","title":"Where should I take her to eat ","description":null,"datetime":1458833510,"type":"image\/jpeg","animated":false,"width":984,"height":4093,"size":1795149,"views":1719228,"bandwidth":3086270424972,"vote":null,"favorite":false,"nsfw":false,"section":"funny","account_url":"dustinteractive","account_id":24943507,"comment_preview":null,"topic":"Funny","topic_id":2,"link":"http:\/\/i.imgur.com\/U2fV9mu.jpg","comment_count":723,"ups":13142,"downs":163,"points":12979,"score":13838,"is_album":false},{"id":"KUEPhsu","title":"Amazing","description":null,"datetime":1458846012,"type":"image\/gif","animated":true,"width":426,"height":426,"size":31306460,"views":512842,"bandwidth":16055267559320,"vote":null,"favorite":false,"nsfw":false,"section":"cosplaygirls","account_url":"sirsavage","account_id":16236738,"comment_preview":null,"topic":"Awesome","topic_id":5,"gifv":"http:\/\/i.imgur.com\/KUEPhsu.gifv","webm":"http:\/\/i.imgur.com\/KUEPhsu.webm","mp4":"http:\/\/i.imgur.com\/KUEPhsu.mp4","link":"http:\/\/i.imgur.com\/KUEPhsuh.gif","looping":true,"comment_count":172,"ups":7042,"downs":249,"points":6793,"score":7049,"is_album":false},{"id":"87p06","title":"How to MoonWalk","description":null,"datetime":1458863156,"cover":"FvULzzm","cover_width":1160,"cover_height":1720,"account_url":"Xient","account_id":33258772,"privacy":"public","layout":"blog","views":35131,"link":"http:\/\/imgur.com\/a\/87p06","ups":2881,"downs":63,"points":2818,"score":2819,"is_album":true,"vote":null,"favorite":false,"nsfw":false,"section":"","comment_count":58,"comment_preview":null,"topic":"The More You Know","topic_id":11,"images_count":1},{"id":"CuYz6","title":"Imgur needs more Billy on the Street","description":null,"datetime":1458879264,"cover":"rHywv8D","cover_width":601,"cover_height":339,"account_url":"usernamesareabigcommitment","account_id":23796763,"privacy":"public","layout":"blog","views":14397,"link":"http:\/\/imgur.com\/a\/CuYz6","ups":1287,"downs":53,"points":1234,"score":1234,"is_album":true,"vote":null,"favorite":false,"nsfw":false,"section":"","comment_count":86,"comment_preview":null,"topic":"Funny","topic_id":2,"images_count":17},{"id":"htaNApr","title":"Here mom, let us help you with your yoga","description":"ig link: https:\/\/www.instagram.com\/p\/BDWQuVoLdRX\/?tagged=puppy","datetime":1458863177,"type":"image\/gif","animated":true,"width":640,"height":640,"size":87020147,"views":142725,"bandwidth":12419950480575,"vote":null,"favorite":false,"nsfw":false,"section":"aww","account_url":"whycanttheenglishlearntospeak","account_id":1056564,"comment_preview":null,"topic":"Aww","topic_id":8,"gifv":"http:\/\/i.imgur.com\/htaNApr.gifv","webm":"http:\/\/i.imgur.com\/htaNApr.webm","mp4":"http:\/\/i.imgur.com\/htaNApr.mp4","link":"http:\/\/i.imgur.com\/htaNAprh.gif","looping":true,"comment_count":46,"ups":2850,"downs":58,"points":2792,"score":2863,"is_album":false},{"id":"UYtus","title":"Worth the long read!","description":null,"datetime":1458879815,"cover":"NJigWsx","cover_width":420,"cover_height":6020,"account_url":"HumbleDingus","account_id":27634549,"privacy":"public","layout":"blog","views":14679,"link":"http:\/\/imgur.com\/a\/UYtus","ups":1328,"downs":137,"points":1191,"score":1191,"is_album":true,"vote":null,"favorite":false,"nsfw":false,"section":"","comment_count":44,"comment_preview":null,"topic":"Funny","topic_id":2,"images_count":1},{"id":"njBly","title":"Misfits was fantastic","description":null,"datetime":1458861595,"cover":"8QDesYT","cover_width":245,"cover_height":203,"account_url":"LaughingWolf","account_id":8969481,"privacy":"public","layout":"blog","views":42454,"link":"http:\/\/imgur.com\/a\/njBly","ups":3059,"downs":78,"points":2981,"score":2981,"is_album":true,"vote":null,"favorite":false,"nsfw":false,"section":"","comment_count":117,"comment_preview":null,"topic":"No Topic","topic_id":29,"images_count":4},{"id":"hTjw6nn","title":"A gem from browsing random.","description":null,"datetime":1458881589,"type":"image\/png","animated":false,"width":610,"height":457,"size":503674,"views":21986,"bandwidth":11073776564,"vote":null,"favorite":false,"nsfw":false,"section":"","account_url":"ErinFromTheOffice","account_id":13828164,"comment_preview":null,"topic":"Funny","topic_id":2,"link":"http:\/\/i.imgur.com\/hTjw6nn.png","comment_count":53,"ups":1166,"downs":97,"points":1069,"score":1079,"is_album":false}],"success":true,"status":200}