{"fields":[{"id":"a","label":"Type","type":"string"},{"id":"b","label":"Vehicles Category","type":"string"},{"id":"c","label":"Type of Vehicles","type":"string"},{"id":"d","label":"Newly registered-2011-12","type":"string"},{"id":"e","label":"Total registered as on 31st March 2012","type":"string"}],"data":[["Transport","I. Multiaxled \/ Articulated Vehicles","Multiaxled \/ Articulated Vehicles","11284","83680"],["Transport","II. Trucks & Lorries","Trucks & Lorries","22362","383545"],["Transport","III. Light Motor Vehicles (Goods)","Four Wheelers","29959","245023"],["Transport","III. Light Motor Vehicles (Goods)","Three Wheelers","12840","108860"],["Transport","Total-III. Light Motor Vehicles (Goods)","Total Light Motor Vehicles (Goods)","42799","353883"],["Transport","IV. Buses","Stage carriages","2805","53555"],["Transport","IV. Buses","Contract carriages","288","20724"],["Transport","IV. Buses","Private service vehicles","1834","16796"],["Transport","IV. Buses","Other buses","4437","53176"],["Transport","Total-IV. Buses","Total Buses","9364","144251"],["Transport","V. Taxis","Motor cabs","21769","171786"],["Transport","V. Taxis","Maxi cabs","12811","94039"],["Transport","V. Taxis","Other taxis","0","12180"],["Transport","Total- V. Taxis","Total Taxis","34580","278005"],["Transport","VI. Light Motor Vehicles (Passengers)","Three seaters","9741","281626"],["Transport","VI. Light Motor Vehicles (Passengers)","Four to six seaters","636","20356"],["Transport","Total- VI. Light Motor Vehicles (Passengers)","Total Light Motor Vehicles (Passengers)","10377","301982"],["Transport","VII. Motor cycles on hire","Motor cycles on hire","0","0"],["Transport","Total Transport(I to VII)","Total Transport","130766","1545346"],["Non Transport","I. Two wheelers","Scooters","135770","1741452"],["Non Transport","I. Two wheelers","Mopeds","266818","4185766"],["Non Transport","I. Two wheelers","Motor cycles","1050002","7919160"],["Non Transport","Total-I. Two wheelers","Total Two wheelers","1452590","13846378"],["Non Transport","II. Cars","Cars","154013","1504735"],["Non Transport","III. Jeeps","Jeeps","638","58718"],["Non Transport","IV. Omni buses","Omni buses","0","19957"],["Non Transport","V. Tractors","Tractors","19604","186670"],["Non Transport","VI. Trailers","Trailers","5134","71403"],["Non Transport","VII. Other vehicles not covered","Other vehicles not covered","11258","179041"],["Non Transport","Total Non Transport (I to VII)","Total Non-Transport","1643237","15866902"]]}